library	region	sub_region	sub_region_tube_id	donor_id	sex	dissectate	brain_struct
pBICCNsMMrMOpAiF007d190314b	MOp	A	A	F007	female	MOp_A_A	Isocortex
pBICCNsMMrMOpAiF008d190314b	MOp	A	A	F008	female	MOp_A_A	Isocortex
pBICCNsMMrMOpAiF004d190318b	MOp	A	A	F004	female	MOp_A_A	Isocortex
pBICCNsMMrMOpAiF003d190318b	MOp	A	A	F003	female	MOp_A_A	Isocortex
pBICCNsMMrMOpAiF005d190318b	MOp	A	A	F005	female	MOp_A_A	Isocortex
pBICCNsMMrMOpAiM002d190320b	MOp	A	A	M002	male	MOp_A_A	Isocortex
pBICCNsMMrMOpAiM007d190320b	MOp	A	A	M007	male	MOp_A_A	Isocortex
pBICCNsMMrMOpAiM008d190320b	MOp	A	A	M008	male	MOp_A_A	Isocortex
pBICCNsMMrMOpAiM003d190318b	MOp	A	A	M003	male	MOp_A_A	Isocortex
pBICCNsMMrRSPAiF017d210216B2	RSP	A	A	F017	female	RSP_A_A	Isocortex
pBICCNsMMrRSPAiF017d210216A2	RSP	A	A	F017	female	RSP_A_A	Isocortex
pBICCNsMMrRSPAiF017d210216A3	RSP	A	A	F017	female	RSP_A_A	Isocortex
pBICCNsMMrACAiM016d210628A1	ACA	ACA	ACA	M016	male	ACA_ACA_ACA	Isocortex
pBICCNsMMrACAiM016d210628A2	ACA	ACA	ACA	M016	male	ACA_ACA_ACA	Isocortex
pBICCNsMMrACAiM016d210628A3	ACA	ACA	ACA	M016	male	ACA_ACA_ACA	Isocortex
pBICCNsMMrACAiM016d210628A4	ACA	ACA	ACA	M016	male	ACA_ACA_ACA	Isocortex
pBICCNsMMrACAiM016d210628A5	ACA	ACA	ACA	M016	male	ACA_ACA_ACA	Isocortex
pBICCNsMMrACAiM016d210628A6	ACA	ACA	ACA	M016	male	ACA_ACA_ACA	Isocortex
pBICCNsMMrACAiF019d210630A1	ACA	ACA	ACA	F019	female	ACA_ACA_ACA	Isocortex
pBICCNsMMrACAiF019d210630A2	ACA	ACA	ACA	F019	female	ACA_ACA_ACA	Isocortex
pBICCNsMMrACAiF019d210630A3	ACA	ACA	ACA	F019	female	ACA_ACA_ACA	Isocortex
pBICCNsMMrACAiF019d210630A4	ACA	ACA	ACA	F019	female	ACA_ACA_ACA	Isocortex
pBICCNsMMrACAiF019d210630A5	ACA	ACA	ACA	F019	female	ACA_ACA_ACA	Isocortex
pBICCNsMMrACAiF019d210630A6	ACA	ACA	ACA	F019	female	ACA_ACA_ACA	Isocortex
pBICCNsMMrAMYiF015d210607A1	AMY	AMY	AMY	F015	female	AMY_AMY_AMY	CTXsp
pBICCNsMMrAMYiF015d210607A2	AMY	AMY	AMY	F015	female	AMY_AMY_AMY	CTXsp
pBICCNsMMrAMYiF015d210607A3	AMY	AMY	AMY	F015	female	AMY_AMY_AMY	CTXsp
pBICCNsMMrAMYiF015d210607A4	AMY	AMY	AMY	F015	female	AMY_AMY_AMY	CTXsp
pBICCNsMMrAMYiF015d210607A5	AMY	AMY	AMY	F015	female	AMY_AMY_AMY	CTXsp
pBICCNsMMrAMYiF015d210607A6	AMY	AMY	AMY	F015	female	AMY_AMY_AMY	CTXsp
pBICCNsMMrAMYiM022d210714A1	AMY	AMY	AMY	M022	male	AMY_AMY_AMY	CTXsp
pBICCNsMMrAMYiM022d210714A2	AMY	AMY	AMY	M022	male	AMY_AMY_AMY	CTXsp
pBICCNsMMrAMYiM022d210714A3	AMY	AMY	AMY	M022	male	AMY_AMY_AMY	CTXsp
pBICCNsMMrAMYiM022d210714A4	AMY	AMY	AMY	M022	male	AMY_AMY_AMY	CTXsp
pBICCNsMMrAMYiM022d210714A5	AMY	AMY	AMY	M022	male	AMY_AMY_AMY	CTXsp
pBICCNsMMrAMYiM022d210714A6	AMY	AMY	AMY	M022	male	AMY_AMY_AMY	CTXsp
pBICCNsMMrCBAN1iM006d190124	CB	AN1	AN1	M006	male	CB_AN1_AN1	CB
pBICCNsMMrCBAN1iF002d190304b	CB	AN1	AN1	F002	female	CB_AN1_AN1	CB
pBICCNsMMrCBAN1iF002d190304c	CB	AN1	AN1	F002	female	CB_AN1_AN1	CB
pBICCNsMMrCBAN1iM002d190312a	CB	AN1	AN1	M002	male	CB_AN1_AN1	CB
pBICCNsMMrCBAN1iM002d190312b	CB	AN1	AN1	M002	male	CB_AN1_AN1	CB
pBICCNsMMrCBAN1iM002d190312c	CB	AN1	AN1	M002	male	CB_AN1_AN1	CB
pBICCNsMMrCBAN1iM006d190321a	CB	AN1	AN1	M006	male	CB_AN1_AN1	CB
pBICCNsMMrCBAN1iM006d190321b	CB	AN1	AN1	M006	male	CB_AN1_AN1	CB
pBICCNsMMrCBAN2iM006d190124	CB	AN2	AN2	M006	male	CB_AN2_AN2	CB
pBICCNsMMrCBAN2iF002d190304a	CB	AN2	AN2	F002	female	CB_AN2_AN2	CB
pBICCNsMMrCBAN2iF002d190304b	CB	AN2	AN2	F002	female	CB_AN2_AN2	CB
pBICCNsMMrCBAN2iF002d190304c	CB	AN2	AN2	F002	female	CB_AN2_AN2	CB
pBICCNsMMrCBAN2iM002d190312a	CB	AN2	AN2	M002	male	CB_AN2_AN2	CB
pBICCNsMMrCBAN2iM002d190312b	CB	AN2	AN2	M002	male	CB_AN2_AN2	CB
pBICCNsMMrCBAN2iM002d190312c	CB	AN2	AN2	M002	male	CB_AN2_AN2	CB
pBICCNsMMrCBAN2iM006d190321a	CB	AN2	AN2	M006	male	CB_AN2_AN2	CB
pBICCNsMMrCBAN2iM006d190321b	CB	AN2	AN2	M006	male	CB_AN2_AN2	CB
pBICCNsMMrCBAN2iM006d190321c	CB	AN2	AN2	M006	male	CB_AN2_AN2	CB
pBICCNsMMrCBAN2iM006d190321d	CB	AN2	AN2	M006	male	CB_AN2_AN2	CB
pBICCNsMMrCBAN2iM006d190321e	CB	AN2	AN2	M006	male	CB_AN2_AN2	CB
pBICCNsMMrCTXANGiF021d210525C1	CTX	ANG	ANG	F021	female	CTX_ANG_ANG	Isocortex
pBICCNsMMrCTXANGiF021d210525C2	CTX	ANG	ANG	F021	female	CTX_ANG_ANG	Isocortex
pBICCNsMMrCTXANGiM022d210602C1	CTX	ANG	ANG	M022	male	CTX_ANG_ANG	Isocortex
pBICCNsMMrCTXANGiM022d210602C2	CTX	ANG	ANG	M022	male	CTX_ANG_ANG	Isocortex
pBICCNsMMrCTXANGiF022d210610C1	CTX	ANG	ANG	F022	female	CTX_ANG_ANG	Isocortex
pBICCNsMMrCTXANGiF022d210610C2	CTX	ANG	ANG	F022	female	CTX_ANG_ANG	Isocortex
pBICCNsMMrAUDiF022d210715A1	AUD	AUD	AUD	F022	female	AUD_AUD_AUD	Isocortex
pBICCNsMMrAUDiF022d210715A2	AUD	AUD	AUD	F022	female	AUD_AUD_AUD	Isocortex
pBICCNsMMrAUDiF022d210715A3	AUD	AUD	AUD	F022	female	AUD_AUD_AUD	Isocortex
pBICCNsMMrAUDiF022d210715A4	AUD	AUD	AUD	F022	female	AUD_AUD_AUD	Isocortex
pBICCNsMMrAUDiF022d210715A5	AUD	AUD	AUD	F022	female	AUD_AUD_AUD	Isocortex
pBICCNsMMrAUDiF022d210715A6	AUD	AUD	AUD	F022	female	AUD_AUD_AUD	Isocortex
pBICCNsMMrAUDiM015d210707A1	AUD	AUD	AUD	M015	male	AUD_AUD_AUD	Isocortex
pBICCNsMMrAUDiM015d210707A2	AUD	AUD	AUD	M015	male	AUD_AUD_AUD	Isocortex
pBICCNsMMrAUDiM015d210707A3	AUD	AUD	AUD	M015	male	AUD_AUD_AUD	Isocortex
pBICCNsMMrAUDiM015d210707A4	AUD	AUD	AUD	M015	male	AUD_AUD_AUD	Isocortex
pBICCNsMMrAUDiM015d210707A5	AUD	AUD	AUD	M015	male	AUD_AUD_AUD	Isocortex
pBICCNsMMrAUDiM015d210707A6	AUD	AUD	AUD	M015	male	AUD_AUD_AUD	Isocortex
pBICCNsMMrHPFCA1iF014d210217	HPF	CA1	CA1	F014	female	HPF_CA1_CA1	HPF
pBICCNsMMrHPFCA1iM017d210223	HPF	CA1	CA1	M017	male	HPF_CA1_CA1	HPF
pBICCNsMMrHPFCA2iF014d210217	HPF	CA2	CA2	F014	female	HPF_CA2_CA2	HPF
pBICCNsMMrHPFCA2iM017d210223	HPF	CA2	CA2	M017	male	HPF_CA2_CA2	HPF
pBICCNsMMrHPFCA2CA3iF014d210217A1	HPF	CA2CA3	CA2CA31	F014	female	HPF_CA2_CA2	HPF
pBICCNsMMrHPFCA2CA3iF014d210217A2	HPF	CA2CA3	CA2CA32	F014	female	HPF_CA2_CA2	HPF
pBICCNsMMrHPFCA2CA3iM017d210223A1	HPF	CA2CA3	CA2CA3	M017	male	HPF_CA2_CA2	HPF
pBICCNsMMrHPFCA2CA3iM017d210223A2	HPF	CA2CA3	CA2CA3	M017	male	HPF_CA2_CA2	HPF
pBICCNsMMrHPFCA3iF014d210217	HPF	CA3	CA3	F014	female	HPF_CA2_CA2	HPF
pBICCNsMMrHPFCA3iM017d210223	HPF	CA3	CA3	M017	male	HPF_CA2_CA2	HPF
pBICCNsMMrCBCOPiM002d190312a	CB	COP	COP	M002	male	CB_COP_COP	CB
pBICCNsMMrCBCOPiM002d190312b	CB	COP	COP	M002	male	CB_COP_COP	CB
pBICCNsMMrCBCOPiM002d190312c	CB	COP	COP	M002	male	CB_COP_COP	CB
pBICCNsMMrCBCOPiM002d190312d	CB	COP	COP	M002	male	CB_COP_COP	CB
pBICCNsMMrCBCOPiF002d190304a	CB	COP	COP	F002	female	CB_COP_COP	CB
pBICCNsMMrCBCOPiF002d190304b	CB	COP	COP	F002	female	CB_COP_COP	CB
pBICCNsMMrCBCOPiM006d190313	CB	COP	COP	M006	male	CB_COP_COP	CB
pBICCNsMMrSTRdCPiF015d210126	STRd	CP	CP	F015	female	STRd_CP_CP	STR
pBICCNsMMrSTRdCPiM016d210128	STRd	CP	CP	M016	male	STRd_CP_CP	STR
pBICCNsMMrSTRdCPiM017d210203	STRd	CP	CP	M017	male	STRd_CP_CP	STR
pBICCNsMMrSTRdCPiM015d210204	STRd	CP	CP	M015	male	STRd_CP_CP	STR
pBICCNsMMrSTRdCPiF017d210209	STRd	CP	CP	F017	female	STRd_CP_CP	STR
pBICCNsMMrSTRdCPiF014d210211	STRd	CP	CP	F014	female	STRd_CP_CP	STR
pBICCNsMMrCBCULiM006d190313b	CB	CUL	CUL	M006	male	CB_IV_IV	CB
pBICCNsMMrDCNF1iF001d191118	DCN	DCN		F001	female	DCN_DCN	CB
pBICCNsMMrDCNF2iF002d191118	DCN	DCN		F002	female	DCN_DCN	CB
pBICCNsMMrDCNF3iF003d191118	DCN	DCN		F003	female	DCN_DCN	CB
pBICCNsMMrDCNM3iM003d191118	DCN	DCN		M003	male	DCN_DCN	CB
pBICCNsMMrDCNM4iM004d191118	DCN	DCN		M004	male	DCN_DCN	CB
pBICCNsMMrDCNM2iM011d200729	DCN	DCN	M2	M011	male	DCN_DCN	CB
pBICCNsMMrCBDECiF002d190304a	CB	DEC	DEC	F002	female	CB_VI_VI	CB
pBICCNsMMrCBDECiF002d190304b	CB	DEC	DEC	F002	female	CB_VI_VI	CB
pBICCNsMMrCBDECiF002d190304c	CB	DEC	DEC	F002	female	CB_VI_VI	CB
pBICCNsMMrCBDECiM006d190313a	CB	DEC	DEC	M006	male	CB_VI_VI	CB
pBICCNsMMrCBDECiM006d190313b	CB	DEC	DEC	M006	male	CB_VI_VI	CB
pBICCNsMMrCBDECiM006d190313c	CB	DEC	DEC	M006	male	CB_VI_VI	CB
pBICCNsMMrHPFDG1iF014d210217	HPF	DG1	DG1	F014	female	HPF_DG1_DG1	HPF
pBICCNsMMrHPFDG1iM017d210223	HPF	DG1	DG1	M017	male	HPF_DG1_DG1	HPF
pBICCNsMMrHPFDG2iF014d210217	HPF	DG2	DG2	F014	female	HPF_DG1_DG1	HPF
pBICCNsMMrHPFDG2iM017d210223	HPF	DG2	DG2	M017	male	HPF_DG1_DG1	HPF
pBICCNsMMrHPFDG3iF014d210217	HPF	DG3	DG3	F014	female	HPF_DG1_DG1	HPF
pBICCNsMMrHPFDG3iM017d210223	HPF	DG3	DG3	M017	male	HPF_DG1_DG1	HPF
pBICCNsMMrCTXDLFCiF021d210525A1	CTX	DLFC	DLFC	F021	female	CTX_DLFC_DLFC	Isocortex
pBICCNsMMrCTXDLFCiF021d210525A2	CTX	DLFC	DLFC	F021	female	CTX_DLFC_DLFC	Isocortex
pBICCNsMMrCTXDLFCiM022d210602A1	CTX	DLFC	DLFC	M022	male	CTX_DLFC_DLFC	Isocortex
pBICCNsMMrCTXDLFCiM022d210602A2	CTX	DLFC	DLFC	M022	male	CTX_DLFC_DLFC	Isocortex
pBICCNsMMrCTXDLFCiF022d210610A1	CTX	DLFC	DLFC	F022	female	CTX_DLFC_DLFC	Isocortex
pBICCNsMMrCTXDLFCiF022d210610A2	CTX	DLFC	DLFC	F022	female	CTX_DLFC_DLFC	Isocortex
pBICCNsMMrENTiM015d201201A1	ENT	ENT	ENT	M015	male	ENT_ENT_ENT	HPF
pBICCNsMMrENTiM015d201201A2	ENT	ENT	ENT	M015	male	ENT_ENT_ENT	HPF
pBICCNsMMrENTiM015d201201A3	ENT	ENT	ENT	M015	male	ENT_ENT_ENT	HPF
pBICCNsMMrENTiM015d201201B1	ENT	ENT	ENT	M015	male	ENT_ENT_ENT	HPF
pBICCNsMMrENTiM015d201201B2	ENT	ENT	ENT	M015	male	ENT_ENT_ENT	HPF
pBICCNsMMrENTiM015d201201B3	ENT	ENT	ENT	M015	male	ENT_ENT_ENT	HPF
pBICCNsMMrENTiF015d201201A1	ENT	ENT	ENT	F015	female	ENT_ENT_ENT	HPF
pBICCNsMMrENTiF015d201201A2	ENT	ENT	ENT	F015	female	ENT_ENT_ENT	HPF
pBICCNsMMrENTiF015d201201A3	ENT	ENT	ENT	F015	female	ENT_ENT_ENT	HPF
pBICCNsMMrENTiF015d201201B1	ENT	ENT	ENT	F015	female	ENT_ENT_ENT	HPF
pBICCNsMMrENTiF015d201201B2	ENT	ENT	ENT	F015	female	ENT_ENT_ENT	HPF
pBICCNsMMrENTiF015d201201B3	ENT	ENT	ENT	F015	female	ENT_ENT_ENT	HPF
pBICCNsMMrENTiM017d210119A1	ENT	ENT	ENT	M017	male	ENT_ENT_ENT	HPF
pBICCNsMMrENTiM017d210119A2	ENT	ENT	ENT	M017	male	ENT_ENT_ENT	HPF
pBICCNsMMrENTiM017d210119A3	ENT	ENT	ENT	M017	male	ENT_ENT_ENT	HPF
pBICCNsMMrENTiM017d210119B1	ENT	ENT	ENT	M017	male	ENT_ENT_ENT	HPF
pBICCNsMMrENTiM017d210119B2	ENT	ENT	ENT	M017	male	ENT_ENT_ENT	HPF
pBICCNsMMrENTiM017d210119B3	ENT	ENT	ENT	M017	male	ENT_ENT_ENT	HPF
pBICCNsMMrENTiF016d210119A1	ENT	ENT	ENT	F016	female	ENT_ENT_ENT	HPF
pBICCNsMMrENTiF016d210119A2	ENT	ENT	ENT	F016	female	ENT_ENT_ENT	HPF
pBICCNsMMrENTiF016d210119A3	ENT	ENT	ENT	F016	female	ENT_ENT_ENT	HPF
pBICCNsMMrENTiF016d210119B2	ENT	ENT	ENT	F016	female	ENT_ENT_ENT	HPF
pBICCNsMMrENTiF016d210203B3	ENT	ENT	ENT	F016	female	ENT_ENT_ENT	HPF
pBICCNsMMrCBFiM006d190124	CB	F	F	M006	male	CB_F_F	CB
pBICCNsMMrCBFiM006d190313a	CB	F	F	M006	male	CB_F_F	CB
pBICCNsMMrCBFiM006d190313c	CB	F	F	M006	male	CB_F_F	CB
pBICCNsMMrCBFiF001d190115	CB	F	F	F001	female	CB_F_F	CB
pBICCNsMMrPALdGPiF015d210126	PALd	GP	GP	F015	female	PALd_GP_GP	PAL
pBICCNsMMrPALdGPiM016d210128	PALd	GP	GP	M016	male	PALd_GP_GP	PAL
pBICCNsMMrPALdGPiM017d210203	PALd	GP	GP	M017	male	PALd_GP_GP	PAL
pBICCNsMMrPALdGPiM015d210204	PALd	GP	GP	M015	male	PALd_GP_GP	PAL
pBICCNsMMrPALdGPiF017d210209	PALd	GP	GP	F017	female	PALd_GP_GP	PAL
pBICCNsMMrPALdGPiF014d210211	PALd	GP	GP	F014	female	PALd_GP_GP	PAL
pBICCNsMMrHY1iF019d210519A1	HY	HY	HY1	F019	female	HY_HY_HY1	HY
pBICCNsMMrHY2iF019d210519B1	HY	HY	HY2	F019	female	HY_HY_HY2	HY
pBICCNsMMrHY3iF019d210519C1	HY	HY	HY3	F019	female	HY_HY_HY3	HY
pBICCNsMMrHY4iF019d210519D1	HY	HY	HY4	F019	female	HY_HY_HY4	HY
pBICCNsMMrHY5iF019d210519E1	HY	HY	HY5	F019	female	HY_HY_HY5	HY
pBICCNsMMrHY6iF019d210519F1	HY	HY	HY6	F019	female	HY_HY_HY6	HY
pBICCNsMMrHY1iF021d210526A1	HY	HY	HY1	F021	female	HY_HY_HY1	HY
pBICCNsMMrHY2iF021d210526B1	HY	HY	HY2	F021	female	HY_HY_HY2	HY
pBICCNsMMrHY3iF021d210526C1	HY	HY	HY3	F021	female	HY_HY_HY3	HY
pBICCNsMMrHY4iF021d210526D1	HY	HY	HY4	F021	female	HY_HY_HY4	HY
pBICCNsMMrHY5iF021d210526E1	HY	HY	HY5	F021	female	HY_HY_HY5	HY
pBICCNsMMrHY6iF021d210526F1	HY	HY	HY6	F021	female	HY_HY_HY6	HY
pBICCNsMMrHY1iM022d210603A1	HY	HY	HY1	M022	male	HY_HY_HY1	HY
pBICCNsMMrHY2iM022d210603B1	HY	HY	HY2	M022	male	HY_HY_HY2	HY
pBICCNsMMrHY3iM022d210603C1	HY	HY	HY3	M022	male	HY_HY_HY3	HY
pBICCNsMMrHY4iM022d210603D1	HY	HY	HY4	M022	male	HY_HY_HY4	HY
pBICCNsMMrHY5iM022d210603E1	HY	HY	HY5	M022	male	HY_HY_HY5	HY
pBICCNsMMrHY6iM022d210603F1	HY	HY	HY6	M022	male	HY_HY_HY6	HY
pBICCNsMMrHY1iF022d210621A1	HY	HY	HY1	F022	female	HY_HY_HY1	HY
pBICCNsMMrHY2iF022d210621B1	HY	HY	HY2	F022	female	HY_HY_HY2	HY
pBICCNsMMrHY3iF022d210621C1	HY	HY	HY3	F022	female	HY_HY_HY3	HY
pBICCNsMMrHY4iF022d210621D1	HY	HY	HY4	F022	female	HY_HY_HY4	HY
pBICCNsMMrHY5iF022d210621E1	HY	HY	HY5	F022	female	HY_HY_HY5	HY
pBICCNsMMrHY6iF022d210621F1	HY	HY	HY6	F022	female	HY_HY_HY6	HY
pBICCNsMMrCBIiM006d190313	CB	I	I	M006	male	CB_I_I	CB
pBICCNsMMrCBIiF001d190115	CB	I	I	F001	female	CB_I_I	CB
pBICCNsMMrCBIiM001d190108a	CB	I	I	M001	male	CB_I_I	CB
pBICCNsMMrCBIiM001d190108b	CB	I	I	M001	male	CB_I_I	CB
pBICCNsMMrCBIIiM006d190313	CB	II	II	M006	male	CB_II_II	CB
pBICCNsMMrCBIIiF001d190115a	CB	II	II	F001	female	CB_II_II	CB
pBICCNsMMrCBIIiF001d190115b	CB	II	II	F001	female	CB_II_II	CB
pBICCNsMMrCBIIiM001d190108a	CB	II	II	M001	male	CB_II_II	CB
pBICCNsMMrCBIIiM001d190108b	CB	II	II	M001	male	CB_II_II	CB
pBICCNsMMrCBIIIiF001d190115a	CB	III	III	F001	female	CB_III_III	CB
pBICCNsMMrCBIIIiF001d190115b	CB	III	III	F001	female	CB_III_III	CB
pBICCNsMMrCBIViM006d190124	CB	IV	IV	M006	male	CB_IV_IV	CB
pBICCNsMMrCBIXiF002d190304a	CB	IX	IX	F002	female	CB_IX_IX	CB
pBICCNsMMrCBIXiF002d190304b	CB	IX	IX	F002	female	CB_IX_IX	CB
pBICCNsMMrCBIXiF002d190304c	CB	IX	IX	F002	female	CB_IX_IX	CB
pBICCNsMMrCBIXiM006d190313a	CB	IX	IX	M006	male	CB_IX_IX	CB
pBICCNsMMrCBIXiM006d190313b	CB	IX	IX	M006	male	CB_IX_IX	CB
pBICCNsMMrCBIXiM006d190313c	CB	IX	IX	M006	male	CB_IX_IX	CB
pBICCNsMMrCBIXiM006d190313d	CB	IX	IX	M006	male	CB_IX_IX	CB
pBICCNsMMrBSL1aiM007d190529	BS	L1	L1a	M007	male	BS_L1_L1	P
pBICCNsMMrBSL1biM007d190529	BS	L1	L1b	M007	male	BS_L1_L1	P
pBICCNsMMrBSL1iF005d190521	BS	L1	L1	F005	female	BS_L1_L1	P
pBICCNsMMrBSL1iF006d190514	BS	L1	L1	F006	female	BS_L1_L1	P
pBICCNsMMrBSL1iM008d190717	BS	L1	L1	M008	male	BS_L1_L1	P
pBICCNsMMrBSL1iM009d190722	BS	L1	L1	M009	male	BS_L1_L1	P
pBICCNsMMrBSL1iF007d191016	BS	L1	L1	F007	female	BS_L1_L1	P
pBICCNsMMrBSL1iM010d191022	BS	L1	L1	M010	male	BS_L1_L1	P
pBICCNsMMrMBL1iM011d200729	MB	L1	L1	M011	male	MB_L1_L1	MB
pBICCNsMMrMBL1iM012d200825	MB	L1	L1	M012	male	MB_L1_L1	MB
pBICCNsMMrMBL1iF010d200825	MB	L1	L1	F010	female	MB_L1_L1	MB
pBICCNsMMrMBL1iF011d200825	MB	L1	L1	F011	female	MB_L1_L1	MB
pBICCNsMMrMBL1iM013d201007	MB	L1	L1	M013	male	MB_L1_L1	MB
pBICCNsMMrMBL1iF012d201007	MB	L1	L1	F012	female	MB_L1_L1	MB
pBICCNsMMrBSL2iM007d190529	BS	L2	L2	M007	male	BS_L2_L2	P
pBICCNsMMrBSL2iF005d190521	BS	L2	L2	F005	female	BS_L2_L2	P
pBICCNsMMrBSL2iM009d190722	BS	L2	L2	M009	male	BS_L2_L2	P
pBICCNsMMrBSL2iF007d191016	BS	L2	L2	F007	female	BS_L2_L2	P
pBICCNsMMrBSL2iM010d191022	BS	L2	L2	M010	male	BS_L2_L2	P
pBICCNsMMrBSL2iF005d190514	BS	L2	L2	F005	female	BS_L2_L2	P
pBICCNsMMrMBL2iM011d200729	MB	L2	L2	M011	male	MB_L2_L2	MB
pBICCNsMMrMBL2iM012d200825	MB	L2	L2	M012	male	MB_L2_L2	MB
pBICCNsMMrMBL2iF010d200825	MB	L2	L2	F010	female	MB_L2_L2	MB
pBICCNsMMrMBL2iF011d200825	MB	L2	L2	F011	female	MB_L2_L2	MB
pBICCNsMMrMBL2iM013d201007	MB	L2	L2	M013	male	MB_L2_L2	MB
pBICCNsMMrMBL2iF012d201007	MB	L2	L2	F012	female	MB_L2_L2	MB
pBICCNsMMrBSL3iF005d190521	BS	L3	L3	F005	female	BS_L3_L3	MY
pBICCNsMMrBSL3iF006d190514	BS	L3	L3	F006	female	BS_L3_L3	MY
pBICCNsMMrBSL3iM008d190717	BS	L3	L3	M008	male	BS_L3_L3	MY
pBICCNsMMrBSL3iM009d190722	BS	L3	L3	M009	male	BS_L3_L3	MY
pBICCNsMMrBSL3iF007d191016	BS	L3	L3	F007	female	BS_L3_L3	MY
pBICCNsMMrBSL3iM010d191022	BS	L3	L3	M010	male	BS_L3_L3	MY
pBICCNsMMrMBL3iM011d200729	MB	L3	L3	M011	male	MB_L3_L3	MB
pBICCNsMMrMBL3iM012d200825	MB	L3	L3	M012	male	MB_L3_L3	MB
pBICCNsMMrMBL3iF010d200825	MB	L3	L3	F010	female	MB_L3_L3	MB
pBICCNsMMrMBL3iF011d200825	MB	L3	L3	F011	female	MB_L3_L3	MB
pBICCNsMMrMBL3iM013d201007	MB	L3	L3	M013	male	MB_L3_L3	MB
pBICCNsMMrMBL3iF012d201007	MB	L3	L3	F012	female	MB_L3_L3	MB
pBICCNsMMrBSL4iM008d190717	BS	L4	L4	M008	male	BS_L4_L4	P
pBICCNsMMrBSL4iM009d190722	BS	L4	L4	M009	male	BS_L4_L4	P
pBICCNsMMrBSL4iF007d191016	BS	L4	L4	F007	female	BS_L4_L4	P
pBICCNsMMrBSL4iM010d191022	BS	L4	L4	M010	male	BS_L4_L4	P
pBICCNsMMrBSL4iF009d191029	BS	L4	L4	F009	female	BS_L4_L4	P
pBICCNsMMrBSL4iF005d190514	BS	L4	L4	F005	female	BS_L4_L4	P
pBICCNsMMrMBL4iM011d200729	MB	L4	L4	M011	male	MB_L4_L4A	MB
pBICCNsMMrMBL4iM012d200825	MB	L4	L4	M012	male	MB_L4_L4A	MB
pBICCNsMMrMBL4AiF010d200825	MB	L4	L4A	F010	female	MB_L4_L4A	MB
pBICCNsMMrMBL4BiF010d200825	MB	L4	L4B	F010	female	MB_L4_L4B	MB
pBICCNsMMrMBL4iF011d200825	MB	L4	L4	F011	female	MB_L4_L4A	MB
pBICCNsMMrMBL4AiF013d201007	MB	L4	L4A	F013	female	MB_L4_L4A	MB
pBICCNsMMrMBL4AiM013d201007	MB	L4	L4A	M013	male	MB_L4_L4A	MB
pBICCNsMMrMBL4BiM013d201007	MB	L4	L4B	M013	male	MB_L4_L4B	MB
pBICCNsMMrMBL4AiF012d201007	MB	L4	L4A	F012	female	MB_L4_L4A	MB
pBICCNsMMrMBL4BiF012d201007	MB	L4	L4B	F012	female	MB_L4_L4B	MB
pBICCNsMMrBSL5iM007d190529	BS	L5	L5	M007	male	BS_L5_L5	MY
pBICCNsMMrBSL5iF006d190514	BS	L5	L5	F006	female	BS_L5_L5	MY
pBICCNsMMrBSL5iF005d190521	BS	L5	L5	F005	female	BS_L5_L5	MY
pBICCNsMMrBSL5iM008d190717	BS	L5	L5	M008	male	BS_L5_L5	MY
pBICCNsMMrBSL5iM009d190722	BS	L5	L5	M009	male	BS_L5_L5	MY
pBICCNsMMrBSL5iF007d191016	BS	L5	L5	F007	female	BS_L5_L5	MY
pBICCNsMMrBSL5iM010d191022	BS	L5	L5	M010	male	BS_L5_L5	MY
pBICCNsMMrMBL5iM011d200729	MB	L5	L5	M011	male	MB_L5_L5	MB
pBICCNsMMrMBL5iM012d200825	MB	L5	L5	M012	male	MB_L5_L5	MB
pBICCNsMMrMBL5iF010d200825	MB	L5	L5	F010	female	MB_L5_L5	MB
pBICCNsMMrMBL5iF011d200825	MB	L5	L5	F011	female	MB_L5_L5	MB
pBICCNsMMrMBL5iM013d201007	MB	L5	L5	M013	male	MB_L5_L5	MB
pBICCNsMMrMBL5iF012d201007	MB	L5	L5	F012	female	MB_L5_L5	MB
pBICCNsMMrBSL6iF005d190710	BS	L6	L6	F005	female	BS_L6_L6	MY
pBICCNsMMrBSL6iM009d190722	BS	L6	L6	M009	male	BS_L6_L6	MY
pBICCNsMMrBSL6iM008d190722	BS	L6	L6	M008	male	BS_L6_L6	MY
pBICCNsMMrBSL6iF007d191016	BS	L6	L6	F007	female	BS_L6_L6	MY
pBICCNsMMrBSL6iM010d191022	BS	L6	L6	M010	male	BS_L6_L6	MY
pBICCNsMMrBSL6iF009d191029	BS	L6	L6	F009	female	BS_L6_L6	MY
pBICCNsMMrMBL6iM011d200729	MB	L6	L6	M011	male	MB_L6_L6	MB
pBICCNsMMrMBL6iM012d200825	MB	L6	L6	M012	male	MB_L6_L6	MB
pBICCNsMMrMBL6iF010d200825	MB	L6	L6	F010	female	MB_L6_L6	MB
pBICCNsMMrMBL6iF011d200825	MB	L6	L6	F011	female	MB_L6_L6	MB
pBICCNsMMrMBL6iM013d201007	MB	L6	L6	M013	male	MB_L6_L6	MB
pBICCNsMMrMBL6iF012d201007	MB	L6	L6	F012	female	MB_L6_L6	MB
pBICCNsMMrBSL7iM007d190529	BS	L7	L7	M007	male	BS_L7_L7	MY
pBICCNsMMrBSL7iF005d190521	BS	L7	L7	F005	female	BS_L7_L7	MY
pBICCNsMMrBSL7iF005d190710	BS	L7	L7	F005	female	BS_L7_L7	MY
pBICCNsMMrBSL7iM008d190722	BS	L7	L7	M008	male	BS_L7_L7	MY
pBICCNsMMrBSL7iM009d190722	BS	L7	L7	M009	male	BS_L7_L7	MY
pBICCNsMMrBSL7iF007d191016	BS	L7	L7	F007	female	BS_L7_L7	MY
pBICCNsMMrBSL7iM010d191022	BS	L7	L7	M010	male	BS_L7_L7	MY
pBICCNsMMrMBL7iM011d200729	MB	L7	L7	M011	male	MB_L7_L7	MB
pBICCNsMMrMBL7iM012d200825	MB	L7	L7	M012	male	MB_L7_L7	MB
pBICCNsMMrMBL7iF010d200825	MB	L7	L7	F010	female	MB_L7_L7	MB
pBICCNsMMrMBL7iF012d201007	MB	L7	L7	F012	female	MB_L7_L7	MB
pBICCNsMMrMBL7iF011d201007	MB	L7	L7	F011	female	MB_L7_L7	MB
pBICCNsMMrMBL7iM013d201007	MB	L7	L7	M013	male	MB_L7_L7	MB
pBICCNsMMrBSL8iM007d190529	BS	L8	L8	M007	male	BS_L8_L8	MY
pBICCNsMMrBSL8iF005d190710	BS	L8	L8	F005	female	BS_L8_L8	MY
pBICCNsMMrBSL8iM008d190722	BS	L8	L8	M008	male	BS_L8_L8	MY
pBICCNsMMrBSL8iF007d191016	BS	L8	L8	F007	female	BS_L8_L8	MY
pBICCNsMMrBSL8iM010d191022	BS	L8	L8	M010	male	BS_L8_L8	MY
pBICCNsMMrLSXLSNSHiM016d210128	LSX	LSNSH	LSNSH	M016	male	LSX_LSNSH_LSNSH	STR
pBICCNsMMrLSXLSNSHiM017d210203	LSX	LSNSH	LSNSH	M017	male	LSX_LSNSH_LSNSH	STR
pBICCNsMMrLSXLSNSHiM015d210204	LSX	LSNSH	LSNSH	M015	male	LSX_LSNSH_LSNSH	STR
pBICCNsMMrLSXLSNSHiF017d210209	LSX	LSNSH	LSNSH	F017	female	LSX_LSNSH_LSNSH	STR
pBICCNsMMrLSXLSNSHiF014d210211	LSX	LSNSH	LSNSH	F014	female	LSX_LSNSH_LSNSH	STR
pBICCNsMMrMOpMiF007d190314b	MOp	M	M	F007	female	MOp_M_M	Isocortex
pBICCNsMMrMOpMiF008d190314b	MOp	M	M	F008	female	MOp_M_M	Isocortex
pBICCNsMMrMOpMiF004d190318b	MOp	M	M	F004	female	MOp_M_M	Isocortex
pBICCNsMMrMOpMiM003d190318b	MOp	M	M	M003	male	MOp_M_M	Isocortex
pBICCNsMMrMOpMiF006d190314b	MOp	M	M	F006	female	MOp_M_M	Isocortex
pBICCNsMMrMOpMiM007d190320b	MOp	M	M	M007	male	MOp_M_M	Isocortex
pBICCNsMMrMOpMiF003d190318b	MOp	M	M	F003	female	MOp_M_M	Isocortex
pBICCNsMMrMOpMiF005d190318b	MOp	M	M	F005	female	MOp_M_M	Isocortex
pBICCNsMMrMOpMiM004d190318b	MOp	M	M	M004	male	MOp_M_M	Isocortex
pBICCNsMMrMOpMiM002d190320b	MOp	M	M	M002	male	MOp_M_M	Isocortex
pBICCNsMMrMOpMiM008d190320b	MOp	M	M	M008	male	MOp_M_M	Isocortex
pBICCNsMMrMOpMiM006d190320b	MOp	M	M	M006	male	MOp_M_M	Isocortex
pBICCNsMMrSUBMiM016d210219A1	SUB	M	M	M016	male	SUB_M_M	HPF
pBICCNsMMrSUBMiM016d210219A2	SUB	M	M	M016	male	SUB_M_M	HPF
pBICCNsMMrSUBMiM016d210219A3	SUB	M	M	M016	male	SUB_M_M	HPF
pBICCNsMMrSUBMiM016d210219B3	SUB	M	M	M016	male	SUB_M_M	HPF
pBICCNsMMrRSPMiM015d210208A1	RSP	M	M	M015	male	RSP_M_M	Isocortex
pBICCNsMMrRSPMiM015d210208A2	RSP	M	M	M015	male	RSP_M_M	Isocortex
pBICCNsMMrRSPMiM015d210208A3	RSP	M	M	M015	male	RSP_M_M	Isocortex
pBICCNsMMrRSPMiM015d210208B1	RSP	M	M	M015	male	RSP_M_M	Isocortex
pBICCNsMMrRSPMiM015d210208B2	RSP	M	M	M015	male	RSP_M_M	Isocortex
pBICCNsMMrRSPMiM015d210208B3	RSP	M	M	M015	male	RSP_M_M	Isocortex
pBICCNsMMrBSM1iF006d190514	BS	M1	M1	F006	female	BS_M1_M1	P
pBICCNsMMrBSM1iM008d190715	BS	M1	M1	M008	male	BS_M1_M1	P
pBICCNsMMrBSM1iM009d190722	BS	M1	M1	M009	male	BS_M1_M1	P
pBICCNsMMrBSM1iF007d191016	BS	M1	M1	F007	female	BS_M1_M1	P
pBICCNsMMrBSM1iM010d191022	BS	M1	M1	M010	male	BS_M1_M1	P
pBICCNsMMrBSM1iF008d191029	BS	M1	M1	F008	female	BS_M1_M1	P
pBICCNsMMrMBM1iF010d200825	MB	M1	M1	F010	female	MB_M1_M1	MB
pBICCNsMMrMBM1iF012d201007	MB	M1	M1	F012	female	MB_M1_M1	MB
pBICCNsMMrMBM1iF013d201007	MB	M1	M1	F013	female	MB_M1_M1	MB
pBICCNsMMrMBM1iF011d201007	MB	M1	M1	F011	female	MB_M1_M1	MB
pBICCNsMMrMBM1iM013d201007	MB	M1	M1	M013	male	MB_M1_M1	MB
pBICCNsMMrMBM1iM012d200706	MB	M1	M1	M012	male	MB_M1_M1	MB
pBICCNsMMrBSM2iF006d190514	BS	M2	M2	F006	female	BS_M2_M2	P
pBICCNsMMrBSM2iM008d190715	BS	M2	M2	M008	male	BS_M2_M2	P
pBICCNsMMrBSM2iM009d190722	BS	M2	M2	M009	male	BS_M2_M2	P
pBICCNsMMrBSM2iF007d191016	BS	M2	M2	F007	female	BS_M2_M2	P
pBICCNsMMrBSM2iM010d191022	BS	M2	M2	M010	male	BS_M2_M2	P
pBICCNsMMrBSM2iF008d191029	BS	M2	M2	F008	female	BS_M2_M2	P
pBICCNsMMrMBM2iM012d200729	MB	M2	M2	M012	male	MB_M2_M2	MB
pBICCNsMMrMBM2iF010d200825	MB	M2	M2	F010	female	MB_M2_M2	MB
pBICCNsMMrMBM2iF012d201007	MB	M2	M2	F012	female	MB_M2_M2	MB
pBICCNsMMrMBM2iF013d201007	MB	M2	M2	F013	female	MB_M2_M2	MB
pBICCNsMMrMBM2iF011d201007	MB	M2	M2	F011	female	MB_M2_M2	MB
pBICCNsMMrMBM2iM013d201007	MB	M2	M2	M013	male	MB_M2_M2	MB
pBICCNsMMrBSM3iF006d190514	BS	M3	M3	F006	female	BS_M3_M3	MY
pBICCNsMMrBSM3iM008d190715	BS	M3	M3	M008	male	BS_M3_M3	MY
pBICCNsMMrBSM3iM009d190722	BS	M3	M3	M009	male	BS_M3_M3	MY
pBICCNsMMrBSM3iF007d191016	BS	M3	M3	F007	female	BS_M3_M3	MY
pBICCNsMMrBSM3iM010d191022	BS	M3	M3	M010	male	BS_M3_M3	MY
pBICCNsMMrBSM3iF008d191029	BS	M3	M3	F008	female	BS_M3_M3	MY
pBICCNsMMrMBM3iM012d200729	MB	M3	M3	M012	male	MB_M3_M3	MB
pBICCNsMMrMBM3iF010d200825	MB	M3	M3	F010	female	MB_M3_M3	MB
pBICCNsMMrMBM3iF012d201007	MB	M3	M3	F012	female	MB_M3_M3	MB
pBICCNsMMrMBM3iF013d201007	MB	M3	M3	F013	female	MB_M3_M3	MB
pBICCNsMMrMBM3iF011d201007	MB	M3	M3	F011	female	MB_M3_M3	MB
pBICCNsMMrMBM3iM013d201007	MB	M3	M3	M013	male	MB_M3_M3	MB
pBICCNsMMrBSM4iF006d190514	BS	M4	M4	F006	female	BS_M4_M4	P
pBICCNsMMrBSM4iM008d190715	BS	M4	M4	M008	male	BS_M4_M4	P
pBICCNsMMrBSM4iM009d190722	BS	M4	M4	M009	male	BS_M4_M4	P
pBICCNsMMrBSM4iF007d191016	BS	M4	M4	F007	female	BS_M4_M4	P
pBICCNsMMrBSM4iM010d191022	BS	M4	M4	M010	male	BS_M4_M4	P
pBICCNsMMrBSM4iF008d191029	BS	M4	M4	F008	female	BS_M4_M4	P
pBICCNsMMrMBM4iM012d200729	MB	M4	M4	M012	male	MB_M4_M4A	MB
pBICCNsMMrMBM4AiF010d200825	MB	M4	M4A	F010	female	MB_M4_M4A	MB
pBICCNsMMrMBM4BiF010d200825	MB	M4	M4B	F010	female	MB_M4_M4B	MB
pBICCNsMMrMBM4AiF012d201007	MB	M4	M4A	F012	female	MB_M4_M4A	MB
pBICCNsMMrMBM4BiF012d201007	MB	M4	M4B	F012	female	MB_M4_M4B	MB
pBICCNsMMrMBM4AiF013d201007	MB	M4	M4A	F013	female	MB_M4_M4A	MB
pBICCNsMMrMBM4BiF013d201007	MB	M4	M4B	F013	female	MB_M4_M4B	MB
pBICCNsMMrMBM4AiF011d201007	MB	M4	M4A	F011	female	MB_M4_M4A	MB
pBICCNsMMrMBM4BiF011d201007	MB	M4	M4B	F011	female	MB_M4_M4B	MB
pBICCNsMMrMBM4AiM013d201007	MB	M4	M4A	M013	male	MB_M4_M4A	MB
pBICCNsMMrMBM4BiM013d201007	MB	M4	M4B	M013	male	MB_M4_M4B	MB
pBICCNsMMrBSM5iM008d190716	BS	M5	M5	M008	male	BS_M5_M5	MY
pBICCNsMMrBSM5iM009d190722	BS	M5	M5	M009	male	BS_M5_M5	MY
pBICCNsMMrBSM5iF007d191016	BS	M5	M5	F007	female	BS_M5_M5	MY
pBICCNsMMrBSM5iM010d191022	BS	M5	M5	M010	male	BS_M5_M5	MY
pBICCNsMMrBSM5iF008d191029	BS	M5	M5	F008	female	BS_M5_M5	MY
pBICCNsMMrBSM5iF005d190514	BS	M5	M5	F005	female	BS_M5_M5	MY
pBICCNsMMrMBM5iM012d200825	MB	M5	M5	M012	male	MB_M5_M5	MB
pBICCNsMMrMBM5iF010d200825	MB	M5	M5	F010	female	MB_M5_M5	MB
pBICCNsMMrMBM5iF012d201007	MB	M5	M5	F012	female	MB_M5_M5	MB
pBICCNsMMrMBM5iF013d201007	MB	M5	M5	F013	female	MB_M5_M5	MB
pBICCNsMMrMBM5iM014d201007	MB	M5	M5	M014	male	MB_M5_M5	MB
pBICCNsMMrMBM5iM013d201007	MB	M5	M5	M013	male	MB_M5_M5	MB
pBICCNsMMrBSM6iF005d190710	BS	M6	M6	F005	female	BS_M6_M6	MY
pBICCNsMMrBSM6iM008d190716	BS	M6	M6	M008	male	BS_M6_M6	MY
pBICCNsMMrBSM6iM009d190722	BS	M6	M6	M009	male	BS_M6_M6	MY
pBICCNsMMrBSM6iF007d191016	BS	M6	M6	F007	female	BS_M6_M6	MY
pBICCNsMMrBSM6iM010d191022	BS	M6	M6	M010	male	BS_M6_M6	MY
pBICCNsMMrBSM6iF008d191029	BS	M6	M6	F008	female	BS_M6_M6	MY
pBICCNsMMrMBM6iM012d200825	MB	M6	M6	M012	male	MB_M6_M6	MB
pBICCNsMMrMBM6iF010d200825	MB	M6	M6	F010	female	MB_M6_M6	MB
pBICCNsMMrMBM6iF012d201007	MB	M6	M6	F012	female	MB_M6_M6	MB
pBICCNsMMrMBM6iM014d201007	MB	M6	M6	M014	male	MB_M6_M6	MB
pBICCNsMMrMBM6iF011d201007	MB	M6	M6	F011	female	MB_M6_M6	MB
pBICCNsMMrMBM6iM013d201007	MB	M6	M6	M013	male	MB_M6_M6	MB
pBICCNsMMrBSM7iF005d190710	BS	M7	M7	F005	female	BS_M7_M7	MY
pBICCNsMMrBSM7iM008d190716	BS	M7	M7	M008	male	BS_M7_M7	MY
pBICCNsMMrBSM7iM009d190722	BS	M7	M7	M009	male	BS_M7_M7	MY
pBICCNsMMrBSM7iF007d191016	BS	M7	M7	F007	female	BS_M7_M7	MY
pBICCNsMMrBSM7iM010d191022	BS	M7	M7	M010	male	BS_M7_M7	MY
pBICCNsMMrBSM7iF008d191029	BS	M7	M7	F008	female	BS_M7_M7	MY
pBICCNsMMrMBM7iM012d200825	MB	M7	M7	M012	male	MB_M7_M7	MB
pBICCNsMMrMBM7iF010d200825	MB	M7	M7	F010	female	MB_M7_M7	MB
pBICCNsMMrMBM7iF012d201007	MB	M7	M7	F012	female	MB_M7_M7	MB
pBICCNsMMrMBM7iF013d201007	MB	M7	M7	F013	female	MB_M7_M7	MB
pBICCNsMMrMBM7iM014d201007	MB	M7	M7	M014	male	MB_M7_M7	MB
pBICCNsMMrMBM7iM013d201007	MB	M7	M7	M013	male	MB_M7_M7	MB
pBICCNsMMrBSM8iF005d190710	BS	M8	M8	F005	female	BS_M8_M8	MY
pBICCNsMMrBSM8iM008d190716	BS	M8	M8	M008	male	BS_M8_M8	MY
pBICCNsMMrBSM8iM009d190722	BS	M8	M8	M009	male	BS_M8_M8	MY
pBICCNsMMrBSM8iF007d191016	BS	M8	M8	F007	female	BS_M8_M8	MY
pBICCNsMMrBSM8iM010d191022	BS	M8	M8	M010	male	BS_M8_M8	MY
pBICCNsMMrBSM8iF008d191029	BS	M8	M8	F008	female	BS_M8_M8	MY
pBICCNsMMrPALmMSCiF015d210126	PALm	MSC	MSC	F015	female	PALm_MSC_MSC	PAL
pBICCNsMMrPALmMSCiM016d210128	PALm	MSC	MSC	M016	male	PALm_MSC_MSC	PAL
pBICCNsMMrPALmMSCiM017d210203	PALm	MSC	MSC	M017	male	PALm_MSC_MSC	PAL
pBICCNsMMrPALmMSCiM015d210204	PALm	MSC	MSC	M015	male	PALm_MSC_MSC	PAL
pBICCNsMMrPALmMSCiF017d210209	PALm	MSC	MSC	F017	female	PALm_MSC_MSC	PAL
pBICCNsMMrPALmMSCiF014d210211	PALm	MSC	MSC	F014	female	PALm_MSC_MSC	PAL
pBICCNsMMrCTXMTGiF021d210525B1	CTX	MTG	MTG	F021	female	CTX_MTG_MTG	Isocortex
pBICCNsMMrCTXMTGiF021d210525B2	CTX	MTG	MTG	F021	female	CTX_MTG_MTG	Isocortex
pBICCNsMMrCTXMTGiM022d210602B1	CTX	MTG	MTG	M022	male	CTX_MTG_MTG	Isocortex
pBICCNsMMrCTXMTGiM022d210602B2	CTX	MTG	MTG	M022	male	CTX_MTG_MTG	Isocortex
pBICCNsMMrCTXMTGiF022d210610B1	CTX	MTG	MTG	F022	female	CTX_MTG_MTG	Isocortex
pBICCNsMMrCTXMTGiF022d210610B2	CTX	MTG	MTG	F022	female	CTX_MTG_MTG	Isocortex
pBICCNsMMrNTSF3iF003d191105	NTS	NTS		F003	female	NTS_NTS	MY
pBICCNsMMrNTSF4iF004d191105	NTS	NTS		F004	female	NTS_NTS	MY
pBICCNsMMrNTSM1iM001d191105	NTS	NTS		M001	male	NTS_NTS	MY
pBICCNsMMrNTSM4iM004d191105	NTS	NTS		M004	male	NTS_NTS	MY
pBICCNsMMrNTSM3iM003d191105	NTS	NTS		M003	male	NTS_NTS	MY
pBICCNsMMrOLFiF014d201201A1	OLF	OLF	OLF	F014	female	OLF_OLF_OLF	OLF
pBICCNsMMrOLFiF014d201201A2	OLF	OLF	OLF	F014	female	OLF_OLF_OLF	OLF
pBICCNsMMrOLFiF014d201201A3	OLF	OLF	OLF	F014	female	OLF_OLF_OLF	OLF
pBICCNsMMrOLFiF015d201201B1	OLF	OLF	OLF	F015	female	OLF_OLF_OLF	OLF
pBICCNsMMrOLFiF015d201201B2	OLF	OLF	OLF	F015	female	OLF_OLF_OLF	OLF
pBICCNsMMrOLFiF015d201201B3	OLF	OLF	OLF	F015	female	OLF_OLF_OLF	OLF
pBICCNsMMrOLFiM015d201201C1	OLF	OLF	OLF	M015	male	OLF_OLF_OLF	OLF
pBICCNsMMrOLFiM015d201201C2	OLF	OLF	OLF	M015	male	OLF_OLF_OLF	OLF
pBICCNsMMrOLFiM016d201201D1	OLF	OLF	OLF	M016	male	OLF_OLF_OLF	OLF
pBICCNsMMrOLFiM016d201201D2	OLF	OLF	OLF	M016	male	OLF_OLF_OLF	OLF
pBICCNsMMrOLFiM016d201201D3	OLF	OLF	OLF	M016	male	OLF_OLF_OLF	OLF
pBICCNsMMrOLFiM017d210119E1	OLF	OLF	OLF	M017	male	OLF_OLF_OLF	OLF
pBICCNsMMrOLFiM017d210119E2	OLF	OLF	OLF	M017	male	OLF_OLF_OLF	OLF
pBICCNsMMrOLFiM017d210119E3	OLF	OLF	OLF	M017	male	OLF_OLF_OLF	OLF
pBICCNsMMrOLFiM018d210119F1	OLF	OLF	OLF	M018	male	OLF_OLF_OLF	OLF
pBICCNsMMrOLFiM018d210119F2	OLF	OLF	OLF	M018	male	OLF_OLF_OLF	OLF
pBICCNsMMrOLFiM018d210119F3	OLF	OLF	OLF	M018	male	OLF_OLF_OLF	OLF
pBICCNsMMrOLFiF016d210119G1	OLF	OLF	OLF	F016	female	OLF_OLF_OLF	OLF
pBICCNsMMrOLFiF016d210119G2	OLF	OLF	OLF	F016	female	OLF_OLF_OLF	OLF
pBICCNsMMrOLFiF016d210119G3	OLF	OLF	OLF	F016	female	OLF_OLF_OLF	OLF
pBICCNsMMrOLFiF017d210119H1	OLF	OLF	OLF	F017	female	OLF_OLF_OLF	OLF
pBICCNsMMrOLFiF017d210119H2	OLF	OLF	OLF	F017	female	OLF_OLF_OLF	OLF
pBICCNsMMrOLFiF017d210119H3	OLF	OLF	OLF	F017	female	OLF_OLF_OLF	OLF
pBICCNsMMrMOpPiF008d190314b	MOp	P	P	F008	female	MOp_P_P	Isocortex
pBICCNsMMrMOpPiF003d190318b	MOp	P	P	F003	female	MOp_P_P	Isocortex
pBICCNsMMrMOpPiM002d190320b	MOp	P	P	M002	male	MOp_P_P	Isocortex
pBICCNsMMrMOpPiM008d190320b	MOp	P	P	M008	male	MOp_P_P	Isocortex
pBICCNsMMrMOpPiF004d190314	MOp	P	P	F004	female	MOp_P_P	Isocortex
pBICCNsMMrMOpPiM007d190320b	MOp	P	P	M007	male	MOp_P_P	Isocortex
pBICCNsMMrMOpPiF007d190314	MOp	P	P	F007	female	MOp_P_P	Isocortex
pBICCNsMMrMOpPiF006d190314	MOp	P	P	F006	female	MOp_P_P	Isocortex
pBICCNsMMrMOpPiM004d190318b	MOp	P	P	M004	male	MOp_P_P	Isocortex
pBICCNsMMrMOpPiM003d190318b	MOp	P	P	M003	male	MOp_P_P	Isocortex
pBICCNsMMrMOpPiF005d190318b	MOp	P	P	F005	female	MOp_P_P	Isocortex
pBICCNsMMrRSPPiF017d210210A1	RSP	P	P	F017	female	RSP_P_P	Isocortex
pBICCNsMMrRSPPiF017d210210A2	RSP	P	P	F017	female	RSP_P_P	Isocortex
pBICCNsMMrRSPPiF017d210210A3	RSP	P	P	F017	female	RSP_P_P	Isocortex
pBICCNsMMrRSPPiF017d210210B1	RSP	P	P	F017	female	RSP_P_P	Isocortex
pBICCNsMMrRSPPiF017d210210B2	RSP	P	P	F017	female	RSP_P_P	Isocortex
pBICCNsMMrRSPPiF017d210210B3	RSP	P	P	F017	female	RSP_P_P	Isocortex
pBICCNsMMrCBPFiM006d190124	CB	PF	PF	M006	male	CB_PF_PF	CB
pBICCNsMMrCBPFiF002d190304a	CB	PF	PF	F002	female	CB_PF_PF	CB
pBICCNsMMrCBPFiF002d190304c	CB	PF	PF	F002	female	CB_PF_PF	CB
pBICCNsMMrCBPFiM006d190313a	CB	PF	PF	M006	male	CB_PF_PF	CB
pBICCNsMMrCBPFiM006d190313b	CB	PF	PF	M006	male	CB_PF_PF	CB
pBICCNsMMrCBPFiM001d190107a	CB	PF	PF	M001	male	CB_PF_PF	CB
pBICCNsMMrCBPFiM001d190107b	CB	PF	PF	M001	male	CB_PF_PF	CB
pBICCNsMMrCBPFiM001d190107c	CB	PF	PF	M001	male	CB_PF_PF	CB
pBICCNsMMrCBPFiM001d190107d	CB	PF	PF	M001	male	CB_PF_PF	CB
pBICCNsMMrCBPRMiM002d190312c	CB	PRM	PRM	M002	male	CB_PRM_PRM	CB
pBICCNsMMrCBPRMiM002d190312d	CB	PRM	PRM	M002	male	CB_PRM_PRM	CB
pBICCNsMMrCBPRMiM002d190312e	CB	PRM	PRM	M002	male	CB_PRM_PRM	CB
pBICCNsMMrCBPRMiF002d190304a	CB	PRM	PRM	F002	female	CB_PRM_PRM	CB
pBICCNsMMrCBPRMiF002d190304b	CB	PRM	PRM	F002	female	CB_PRM_PRM	CB
pBICCNsMMrCBPRMiF002d190304c	CB	PRM	PRM	F002	female	CB_PRM_PRM	CB
pBICCNsMMrCBPRMiM002d190312a	CB	PRM	PRM	M002	male	CB_PRM_PRM	CB
pBICCNsMMrCBPRMiM002d190312b	CB	PRM	PRM	M002	male	CB_PRM_PRM	CB
pBICCNsMMrCBPRMiM006d190321a	CB	PRM	PRM	M006	male	CB_PRM_PRM	CB
pBICCNsMMrCBPRMiM006d190321b	CB	PRM	PRM	M006	male	CB_PRM_PRM	CB
pBICCNsMMrCBPRMiM006d190321c	CB	PRM	PRM	M006	male	CB_PRM_PRM	CB
pBICCNsMMrCBPRMiM006d190321d	CB	PRM	PRM	M006	male	CB_PRM_PRM	CB
pBICCNsMMrCBPRMiM006d190321e	CB	PRM	PRM	M006	male	CB_PRM_PRM	CB
pBICCNsMMrCBPRMiM006d190321f	CB	PRM	PRM	M006	male	CB_PRM_PRM	CB
pBICCNsMMrS1iF022d210713A1	S1	S1	S1	F022	female	S1_S1_S1	Isocortex
pBICCNsMMrS1iF022d210713A2	S1	S1	S1	F022	female	S1_S1_S1	Isocortex
pBICCNsMMrS1iF022d210713A3	S1	S1	S1	F022	female	S1_S1_S1	Isocortex
pBICCNsMMrS1iF022d210713A4	S1	S1	S1	F022	female	S1_S1_S1	Isocortex
pBICCNsMMrS1iF022d210713A6	S1	S1	S1	F022	female	S1_S1_S1	Isocortex
pBICCNsMMrCBSIMiM002d190312a	CB	SIM	SIM	M002	male	CB_SIM_SIM	CB
pBICCNsMMrCBSIMiM002d190312b	CB	SIM	SIM	M002	male	CB_SIM_SIM	CB
pBICCNsMMrCBSIMiM002d190312c	CB	SIM	SIM	M002	male	CB_SIM_SIM	CB
pBICCNsMMrCBSIMiM002d190312d	CB	SIM	SIM	M002	male	CB_SIM_SIM	CB
pBICCNsMMrCBSIMiM006d190313a	CB	SIM	SIM	M006	male	CB_SIM_SIM	CB
pBICCNsMMrCBSIMiM006d190313b	CB	SIM	SIM	M006	male	CB_SIM_SIM	CB
pBICCNsMMrCBSIMiM006d190313c	CB	SIM	SIM	M006	male	CB_SIM_SIM	CB
pBICCNsMMrCBSIMiF001d190115	CB	SIM	SIM	F001	female	CB_SIM_SIM	CB
pBICCNsMMrPALvSIMANDBiF015d210126	PALv	SIMANDB	SIMANDB	F015	female	PALv_SIMANDB_SIMANDB	PAL
pBICCNsMMrPALvSIMANDBiM016d210128	PALv	SIMANDB	SIMANDB	M016	male	PALv_SIMANDB_SIMANDB	PAL
pBICCNsMMrPALvSIMANDBiM017d210203	PALv	SIMANDB	SIMANDB	M017	male	PALv_SIMANDB_SIMANDB	PAL
pBICCNsMMrPALvSIMANDBiM015d210204	PALv	SIMANDB	SIMANDB	M015	male	PALv_SIMANDB_SIMANDB	PAL
pBICCNsMMrPALvSIMANDBiF017d210209	PALv	SIMANDB	SIMANDB	F017	female	PALv_SIMANDB_SIMANDB	PAL
pBICCNsMMrPALvSIMANDBiF014d210211	PALv	SIMANDB	SIMANDB	F014	female	PALv_SIMANDB_SIMANDB	PAL
pBICCNsMMrMBSNrSNciF015d210126	MB	SNrSNc	SNrSNc	F015	female	MB_L7_L7	MB
pBICCNsMMrTHT1iM013d210222A1	TH	T1	T1	M013	male	TH_T1_T1	TH
pBICCNsMMrTHT1iM013d210222A2	TH	T1	T1	M013	male	TH_T1_T1	TH
pBICCNsMMrTHT1iM018d210331A1	TH	T1	T1	M018	male	TH_T1_T1	TH
pBICCNsMMrTHT1iM018d210331A2	TH	T1	T1	M018	male	TH_T1_T1	TH
pBICCNsMMrTHT2iM013d210224A1	TH	T2	T2	M013	male	TH_T2_T2	TH
pBICCNsMMrTHT2iM013d210224A2	TH	T2	T2	M013	male	TH_T2_T2	TH
pBICCNsMMrTHT2iM013d210224A3	TH	T2	T2	M013	male	TH_T2_T2	TH
pBICCNsMMrTHT2iM018d210331A1	TH	T2	T2	M018	male	TH_T2_T2	TH
pBICCNsMMrTHT2iM018d210331A2	TH	T2	T2	M018	male	TH_T2_T2	TH
pBICCNsMMrTHT2iF019d210331A1	TH	T2	T2	F019	female	TH_T2_T2	TH
pBICCNsMMrTHT2iF019d210331A2	TH	T2	T2	F019	female	TH_T2_T2	TH
pBICCNsMMrTHT2iF018d210405A1	TH	T2	T2	F018	female	TH_T2_T2	TH
pBICCNsMMrTHT2iF018d210405A2	TH	T2	T2	F018	female	TH_T2_T2	TH
pBICCNsMMrTHT3iM013d210224A1	TH	T3	T3	M013	male	TH_T3_T3	TH
pBICCNsMMrTHT3iM013d210224A2	TH	T3	T3	M013	male	TH_T3_T3	TH
pBICCNsMMrTHT3iM013d210224A3	TH	T3	T3	M013	male	TH_T3_T3	TH
pBICCNsMMrTHT3iF019d210409A1	TH	T3	T3	F019	female	TH_T3_T3	TH
pBICCNsMMrTHT3iF019d210409A2	TH	T3	T3	F019	female	TH_T3_T3	TH
pBICCNsMMrTHT3iF018d210405A1	TH	T3	T3	F018	female	TH_T3_T3	TH
pBICCNsMMrTHT3iF018d210405A2	TH	T3	T3	F018	female	TH_T3_T3	TH
pBICCNsMMrTHT4iM013d210226A2	TH	T4	T4	M013	male	TH_T4_T4	TH
pBICCNsMMrTHT4iM013d210226A3	TH	T4	T4	M013	male	TH_T4_T4	TH
pBICCNsMMrTHT4iF019d210331A1	TH	T4	T4	F019	female	TH_T4_T4	TH
pBICCNsMMrTHT4iF019d210331A2	TH	T4	T4	F019	female	TH_T4_T4	TH
pBICCNsMMrTHT5iM013d210226A1	TH	T5	T5	M013	male	TH_T5_T5	TH
pBICCNsMMrTHT5iM013d210226A2	TH	T5	T5	M013	male	TH_T5_T5	TH
pBICCNsMMrTHT5iM013d210226A3	TH	T5	T5	M013	male	TH_T5_T5	TH
pBICCNsMMrTHT5iF019d210408A1	TH	T5	T5	F019	female	TH_T5_T5	TH
pBICCNsMMrTHT5iF019d210408A2	TH	T5	T5	F019	female	TH_T5_T5	TH
pBICCNsMMrTHT5iF016d210330A1	TH	T5	T5	F016	female	TH_T5_T5	TH
pBICCNsMMrTHT5iF016d210330A2	TH	T5	T5	F016	female	TH_T5_T5	TH
pBICCNsMMrTHT5iF016d210330A3	TH	T5	T5	F016	female	TH_T5_T5	TH
pBICCNsMMrTHT6iM013d210329A1	TH	T6	T6	M013	male	TH_T6_T6	TH
pBICCNsMMrTHT6iM013d210329A2	TH	T6	T6	M013	male	TH_T6_T6	TH
pBICCNsMMrTHT6iM013d210329A3	TH	T6	T6	M013	male	TH_T6_T6	TH
pBICCNsMMrTHT6iM018d210407A1	TH	T6	T6	M018	male	TH_T6_T6	TH
pBICCNsMMrTHT6iM018d210407A2	TH	T6	T6	M018	male	TH_T6_T6	TH
pBICCNsMMrTHT6iF019d210409A1	TH	T6	T6	F019	female	TH_T6_T6	TH
pBICCNsMMrTHT6iF019d210409A2	TH	T6	T6	F019	female	TH_T6_T6	TH
pBICCNsMMrTHT6iF016d210330A1	TH	T6	T6	F016	female	TH_T6_T6	TH
pBICCNsMMrTHT6iF016d210330A2	TH	T6	T6	F016	female	TH_T6_T6	TH
pBICCNsMMrTHT6iF016d210330A3	TH	T6	T6	F016	female	TH_T6_T6	TH
pBICCNsMMrTHT7iM013d210329A1	TH	T7	T7	M013	male	TH_T7_T7	TH
pBICCNsMMrTHT7iM013d210329A2	TH	T7	T7	M013	male	TH_T7_T7	TH
pBICCNsMMrTHT7iM013d210329A3	TH	T7	T7	M013	male	TH_T7_T7	TH
pBICCNsMMrTHT7iM018d210330A1	TH	T7	T7	M018	male	TH_T7_T7	TH
pBICCNsMMrTHT7iM018d210330A2	TH	T7	T7	M018	male	TH_T7_T7	TH
pBICCNsMMrTHT7iF016d210330A1	TH	T7	T7	F016	female	TH_T7_T7	TH
pBICCNsMMrTHT7iF016d210330A2	TH	T7	T7	F016	female	TH_T7_T7	TH
pBICCNsMMrTHT7iF016d210330A3	TH	T7	T7	F016	female	TH_T7_T7	TH
pBICCNsMMrTHT8iM013d210329A1	TH	T8	T8	M013	male	TH_T8_T8	TH
pBICCNsMMrTHT8iM013d210329A2	TH	T8	T8	M013	male	TH_T8_T8	TH
pBICCNsMMrTHT8iM018d210330A1	TH	T8	T8	M018	male	TH_T8_T8	TH
pBICCNsMMrTHT8iM018d210330A2	TH	T8	T8	M018	male	TH_T8_T8	TH
pBICCNsMMrTHT8iF019d210409A1	TH	T8	T8	F019	female	TH_T8_T8	TH
pBICCNsMMrTHT8iF019d210409A2	TH	T8	T8	F019	female	TH_T8_T8	TH
pBICCNsMMrTHT8iF016d210330A1	TH	T8	T8	F016	female	TH_T8_T8	TH
pBICCNsMMrTHT8iF016d210330A2	TH	T8	T8	F016	female	TH_T8_T8	TH
pBICCNsMMrTHT8iF016d210330A3	TH	T8	T8	F016	female	TH_T8_T8	TH
pBICCNsMMrPALmTRSiF015d210126	PALm	TRSSF	TRS	F015	female	PALm_TRSSF_TRSSF	PAL
pBICCNsMMrPALmTRSSFiM016d210128	PALm	TRSSF	TRSSF	M016	male	PALm_TRSSF_TRSSF	PAL
pBICCNsMMrPALmTRSSFiM017d210203	PALm	TRSSF	TRSSF	M017	male	PALm_TRSSF_TRSSF	PAL
pBICCNsMMrPALmTRSSFiM015d210204	PALm	TRSSF	TRSSF	M015	male	PALm_TRSSF_TRSSF	PAL
pBICCNsMMrPALmTRSSFiF017d210209	PALm	TRSSF	TRSSF	F017	female	PALm_TRSSF_TRSSF	PAL
pBICCNsMMrPALmTRSSFiF014d210211	PALm	TRSSF	TRSSF	F014	female	PALm_TRSSF_TRSSF	PAL
pBICCNsMMrCBViM002d190312a	CB	V	V	M002	male	CB_V_V	CB
pBICCNsMMrCBViM002d190312b	CB	V	V	M002	male	CB_V_V	CB
pBICCNsMMrCBViM002d190312c	CB	V	V	M002	male	CB_V_V	CB
pBICCNsMMrCBViM002d190312d	CB	V	V	M002	male	CB_V_V	CB
pBICCNsMMrCBVliM006d190124	CB	VI	VI	M006	male	CB_VI_VI	CB
pBICCNsMMrCBVIiM002d190312a	CB	VI	VI	M002	male	CB_VI_VI	CB
pBICCNsMMrCBVIiM002d190312b	CB	VI	VI	M002	male	CB_VI_VI	CB
pBICCNsMMrCBVIiM002d190312c	CB	VI	VI	M002	male	CB_VI_VI	CB
pBICCNsMMrCBVIiM002d190312d	CB	VI	VI	M002	male	CB_VI_VI	CB
pBICCNsMMrCBVIiM002d190312e	CB	VI	VI	M002	male	CB_VI_VI	CB
pBICCNsMMrCBVIiM006d190321a	CB	VI	VI	M006	male	CB_VI_VI	CB
pBICCNsMMrCBVIiM006d190321b	CB	VI	VI	M006	male	CB_VI_VI	CB
pBICCNsMMrCBVIiM006d190321c	CB	VI	VI	M006	male	CB_VI_VI	CB
pBICCNsMMrCBVIiF001d190116	CB	VI	VI	F001	female	CB_VI_VI	CB
pBICCNsMMrCBVIIiM002d190312a	CB	VII	VII	M002	male	CB_VII_VII	CB
pBICCNsMMrCBVIIiM002d190312b	CB	VII	VII	M002	male	CB_VII_VII	CB
pBICCNsMMrCBVIIiM002d190312c	CB	VII	VII	M002	male	CB_VII_VII	CB
pBICCNsMMrCBVIIiM002d190312d	CB	VII	VII	M002	male	CB_VII_VII	CB
pBICCNsMMrCBVIIiF002d190304a	CB	VII	VII	F002	female	CB_VII_VII	CB
pBICCNsMMrCBVIIiF002d190304b	CB	VII	VII	F002	female	CB_VII_VII	CB
pBICCNsMMrCBVIIiM006d190313a	CB	VII	VII	M006	male	CB_VII_VII	CB
pBICCNsMMrCBVIIiM006d190313b	CB	VII	VII	M006	male	CB_VII_VII	CB
pBICCNsMMrCBVIIIiF002d190304a	CB	VIII	VIII	F002	female	CB_VIII_VIII	CB
pBICCNsMMrCBVIIIiF002d190304b	CB	VIII	VIII	F002	female	CB_VIII_VIII	CB
pBICCNsMMrCBVIIIiF002d190304c	CB	VIII	VIII	F002	female	CB_VIII_VIII	CB
pBICCNsMMrCBVIIIiF002d190304d	CB	VIII	VIII	F002	female	CB_VIII_VIII	CB
pBICCNsMMrCBVIIIiM006d190313	CB	VIII	VIII	M006	male	CB_VIII_VIII	CB
pBICCNsMMrCBVIIIiM001d190108a	CB	VIII	VIII	M001	male	CB_VIII_VIII	CB
pBICCNsMMrCBVIIIiM001d190108b	CB	VIII	VIII	M001	male	CB_VIII_VIII	CB
pBICCNsMMrVISiF022d210719A1	VIS	VIS	VIS	F022	female	VIS_VIS_VIS	Isocortex
pBICCNsMMrVISiF022d210719A2	VIS	VIS	VIS	F022	female	VIS_VIS_VIS	Isocortex
pBICCNsMMrVISiF022d210719A3	VIS	VIS	VIS	F022	female	VIS_VIS_VIS	Isocortex
pBICCNsMMrVISiM022d210719B1	VIS	VIS	VIS	M022	male	VIS_VIS_VIS	Isocortex
pBICCNsMMrVISiM022d210719B2	VIS	VIS	VIS	M022	male	VIS_VIS_VIS	Isocortex
pBICCNsMMrVISiM022d210719B3	VIS	VIS	VIS	M022	male	VIS_VIS_VIS	Isocortex
pBICCNsMMrVISPiM019d210623A1	VISP	VISP	VISP	M019	male	VIS_VIS_VIS	Isocortex
pBICCNsMMrVISPiM019d210623A2	VISP	VISP	VISP	M019	male	VIS_VIS_VIS	Isocortex
pBICCNsMMrVISPiM019d210623A3	VISP	VISP	VISP	M019	male	VIS_VIS_VIS	Isocortex
pBICCNsMMrVISPiF019d210623B1	VISP	VISP	VISP	F019	female	VIS_VIS_VIS	Isocortex
pBICCNsMMrVISPiF019d210623B2	VISP	VISP	VISP	F019	female	VIS_VIS_VIS	Isocortex
pBICCNsMMrVISPiF019d210623B3	VISP	VISP	VISP	F019	female	VIS_VIS_VIS	Isocortex
pBICCNsMMrCBXiM006d190313a	CB	X	X	M006	male	CB_X_X	CB
pBICCNsMMrCBXiF001d190115a	CB	X	X	F001	female	CB_X_X	CB
pBICCNsMMrCBXiF001d190115b	CB	X	X	F001	female	CB_X_X	CB
pBICCNsMMrBNSTi1F1d190111	BNST			1F1	female	BNST	PAL
pBICCNsMMrBNSTi1F3d190119a	BNST			1F3	female	BNST	PAL
pBICCNsMMrBNSTi1F3d190119b	BNST			1F3	female	BNST	PAL
pBICCNsMMrBNSTi1F3d190119c	BNST			1F3	female	BNST	PAL
pBICCNsMMrBNSTi1F5d190111a	BNST			1F5	female	BNST	PAL
pBICCNsMMrBNSTi1F5d190111b	BNST			1F5	female	BNST	PAL
pBICCNsMMrBNSTi1F6d190111a	BNST			1F6	female	BNST	PAL
pBICCNsMMrBNSTi1F6d190111b	BNST			1F6	female	BNST	PAL
pBICCNsMMrBNSTi2F2d190119	BNST			2F2	female	BNST	PAL
pBICCNsMMrBNSTi3F7d190119a	BNST			3F7	female	BNST	PAL
pBICCNsMMrBNSTi3F7d190119b	BNST			3F7	female	BNST	PAL
pBICCNsMMrBNSTi3F7d190119c	BNST			3F7	female	BNST	PAL
pBICCNsMMrBNSTi3F8d190119	BNST			3F8	female	BNST	PAL
pBICCNsMMrBNSTi1M1d190111a	BNST			1M1	male	BNST	PAL
pBICCNsMMrBNSTi1M1d190111b	BNST			1M1	male	BNST	PAL
pBICCNsMMrBNSTi1M4d190111	BNST			1M4	male	BNST	PAL
pBICCNsMMrBNSTi2M3d190119a	BNST			2M3	male	BNST	PAL
pBICCNsMMrBNSTi3M5d190119a	BNST			3M5	male	BNST	PAL
pBICCNsMMrBNSTi3M5d190119b	BNST			3M5	male	BNST	PAL
pBICCNsMMrBNSTi3M7d190119a	BNST			3M7	male	BNST	PAL
pBICCNsMMrBNSTi3M7d190119b	BNST			3M7	male	BNST	PAL
pBICCNsMMrBNSTi3M8d190119a	BNST			3M8	male	BNST	PAL
pBICCNsMMrBNSTi3M8d190119b	BNST			3M8	male	BNST	PAL
pBICCNsMMrBNSTi3M8d190119c	BNST			2M2	male	BNST	PAL
pBICCNsMMrBNSTi2M2d190116a	BNST			2M2	male	BNST	PAL
pBICCNsMMrBNSTi2M2d190116b	BNST			2M2	male	BNST	PAL
pBICCNsMMrBNSTi3M6d190119a	BNST			3M6	male	BNST	PAL
